train_config,model,eval_stratum,eval_type,threshold,f1_macro,precision,recall,roc_auc,pr_auc,balanced_accuracy,mcc,fpr_at_95tpr,youden_j,latency_p50_ms,latency_p95_ms,latency_p99_ms
stratum_i,distilbert,stratum_i,matched,0.787878787878788,0.984767167516024,0.9938461538461538,0.9472140762463344,0.9993298340035632,0.9912386582055842,0.9735634594418581,0.9698226752554912,8.715736261820717e-05,0.9884133104372731,2.2498108446598053,2.3152816109359264,2.3867920972406864
stratum_i,distilbert,stratum_i,matched,0.787878787878788,0.984767167516024,0.9938461538461538,0.9472140762463344,0.9993298340035632,0.9912386582055842,0.9735634594418581,0.9698226752554912,8.715736261820717e-05,0.9884133104372731,2.2498108446598053,2.3152816109359264,2.3867920972406864
stratum_i,distilbert,stratum_ii,cross,0.787878787878788,0.5042744999641552,0.995,0.26115485564304464,0.7717737090092653,0.8850946481673522,0.6293726085444139,0.32916343435934414,0.8,0.4695126964551118,2.2498108446598053,2.3152816109359264,2.3867920972406864
stratum_i,distilbert,stratum_iii,cross,0.787878787878788,0.6791625352350192,0.9385593220338984,0.4368836291913215,0.8372282987667602,0.8682453884002291,0.7037953499491961,0.4802423537126625,0.7858585858585858,0.5721833721833721,2.2498108446598053,2.3152816109359264,2.3867920972406864
stratum_i,roberta,stratum_i,matched,0.4444444444444445,0.9871093124095074,0.9939024390243902,0.9560117302052786,0.9995413375741397,0.9901768338815053,0.9779622864213302,0.9744081533367125,4.3578681309103584e-05,0.984291355050341,4.299449734389782,4.361205082386732,4.395866636186838
stratum_i,roberta,stratum_i,matched,0.4444444444444445,0.9871093124095074,0.9939024390243902,0.9560117302052786,0.9995413375741397,0.9901768338815053,0.9779622864213302,0.9744081533367125,4.3578681309103584e-05,0.984291355050341,4.299449734389782,4.361205082386732,4.395866636186838
stratum_i,roberta,stratum_ii,cross,0.4444444444444445,0.6009165782536887,1.0,0.38976377952755903,0.8205135502640484,0.9174219496236539,0.6948818897637795,0.42872958274197764,0.8939759036144578,0.6068557695348322,4.299449734389782,4.361205082386732,4.395866636186838
stratum_i,roberta,stratum_iii,cross,0.4444444444444445,0.7128050605002756,0.9365671641791045,0.49506903353057197,0.8394178471101548,0.8585085887333612,0.7303627995935689,0.5203954559532025,0.7585858585858586,0.5568405953021338,4.299449734389782,4.361205082386732,4.395866636186838
stratum_i,deberta,stratum_i,matched,0.42424242424242425,0.9871471747766519,0.990909090909091,0.9589442815249267,0.9994828705750226,0.9880798983573644,0.9794067727404997,0.9744292510832395,8.715736261820717e-05,0.9849142362606067,10.69644559174776,10.820190329104662,11.090554911643267
stratum_i,deberta,stratum_i,matched,0.42424242424242425,0.9871471747766519,0.990909090909091,0.9589442815249267,0.9994828705750226,0.9880798983573644,0.9794067727404997,0.9744292510832395,8.715736261820717e-05,0.9849142362606067,10.69644559174776,10.820190329104662,11.090554911643267
stratum_i,deberta,stratum_ii,cross,0.42424242424242425,0.7251163211077167,0.9740820734341252,0.5918635170603674,0.8668421718369541,0.9318330262128424,0.7814739272048825,0.5505922585884475,0.6168674698795181,0.5906998071024255,10.69644559174776,10.820190329104662,11.090554911643267
stratum_i,deberta,stratum_iii,cross,0.42424242424242425,0.7653865396545858,0.819672131147541,0.6903353057199211,0.8328218078218077,0.8466662596298862,0.7673898750821828,0.5406717436887356,0.7212121212121212,0.5401709401709401,10.69644559174776,10.820190329104662,11.090554911643267
stratum_ii,distilbert,stratum_ii,matched,0.17171717171717174,0.9962697919703865,0.9947780678851175,1.0,0.999981026468077,0.9999896733819598,0.9951807228915663,0.9925673002593104,0.0,0.9951807228915662,2.2236406803131104,2.256316691637039,2.3092013970017424
stratum_ii,distilbert,stratum_i,matched,0.17171717171717174,0.35097757653977535,0.019926764881205823,0.6862170087976539,0.6502223599018879,0.02809867695110372,0.5923349828055904,0.04436596339699801,0.8586307578332679,0.2402864589024281,2.2236406803131104,2.256316691637039,2.3092013970017424
stratum_ii,distilbert,stratum_ii,matched,0.17171717171717174,0.9962697919703865,0.9947780678851175,1.0,0.999981026468077,0.9999896733819598,0.9951807228915663,0.9925673002593104,0.0,0.9951807228915662,2.2236406803131104,2.256316691637039,2.3092013970017424
stratum_ii,distilbert,stratum_iii,cross,0.17171717171717174,0.5679423829945925,0.5781071835803877,1.0,0.9073038073038073,0.8612893056474823,0.6262626262626263,0.38208201020239085,0.295959595959596,0.6922120614428307,2.2236406803131104,2.256316691637039,2.3092013970017424
stratum_ii,roberta,stratum_ii,matched,0.3535353535353536,0.9990689948387352,0.9986893840104849,1.0,0.9999968377446795,0.9999982800315098,0.9987951807228916,0.99813972146543,0.0,0.9986876640419947,4.234650172293186,4.302344564348459,4.354838225990533
stratum_ii,roberta,stratum_i,matched,0.3535353535353536,0.4968052091747167,0.06148623161071294,0.9560117302052786,0.947755295352915,0.26504947916242905,0.8695821060055896,0.21173561887543704,0.19444807600122022,0.7963679405571451,4.234650172293186,4.302344564348459,4.354838225990533
stratum_ii,roberta,stratum_ii,matched,0.3535353535353536,0.9990689948387352,0.9986893840104849,1.0,0.9999968377446795,0.9999982800315098,0.9987951807228916,0.99813972146543,0.0,0.9986876640419947,4.234650172293186,4.302344564348459,4.354838225990533
stratum_ii,roberta,stratum_iii,cross,0.3535353535353536,0.7291293903524326,0.6675444371296906,1.0,0.9624150777996933,0.949484012830067,0.7449494949494949,0.5718647964882304,0.13636363636363635,0.8200286892594586,4.234650172293186,4.302344564348459,4.354838225990533
stratum_ii,deberta,stratum_ii,matched,0.4040404040404041,0.9990689948387352,0.9986893840104849,1.0,1.0,1.0,0.9987951807228916,0.99813972146543,0.0,1.0,10.70838700979948,10.879221837967634,11.25456856563687
stratum_ii,deberta,stratum_i,matched,0.4040404040404041,0.44535564601156463,0.02918820310124658,0.5630498533724341,0.6854582796746858,0.02894902059451875,0.6423781972662492,0.07597635832318482,0.8214145639952936,0.2923983827580755,10.70838700979948,10.879221837967634,11.25456856563687
stratum_ii,deberta,stratum_ii,matched,0.4040404040404041,0.9990689948387352,0.9986893840104849,1.0,1.0,1.0,0.9987951807228916,0.99813972146543,0.0,1.0,10.70838700979948,10.879221837967634,11.25456856563687
stratum_ii,deberta,stratum_iii,cross,0.4040404040404041,0.7111372404209626,0.6550387596899225,1.0,0.9509483394098779,0.9395547286480516,0.7303030303030303,0.5492857386142982,0.18383838383838383,0.7810591118283425,10.70838700979948,10.879221837967634,11.25456856563687
stratum_iii,distilbert,stratum_iii,matched,0.38383838383838387,0.9950091399482983,0.9940944881889764,0.9960552268244576,0.999851572928496,0.9998505936078791,0.9949973103819257,0.9900202626463627,0.00101010101010101,0.9919670073516227,2.224460244178772,2.2481155581772327,2.261720821261406
stratum_iii,distilbert,stratum_i,matched,0.38383838383838387,0.43661023386474773,0.012433997615397718,0.21407624633431085,0.3183798391984999,0.020927844492269712,0.4807035260520641,-0.010675921809027437,0.9883644920904694,0.03451239864601932,2.224460244178772,2.2481155581772327,2.261720821261406
stratum_iii,distilbert,stratum_ii,matched,0.38383838383838387,0.7992732329327806,0.9981132075471698,0.6942257217847769,0.9836859248015686,0.9919358603197881,0.84590804161528,0.6643579144569933,0.06265060240963856,0.8907946747620402,2.224460244178772,2.2481155581772327,2.261720821261406
stratum_iii,distilbert,stratum_iii,matched,0.38383838383838387,0.9950091399482983,0.9940944881889764,0.9960552268244576,0.999851572928496,0.9998505936078791,0.9949973103819257,0.9900202626463627,0.00101010101010101,0.9919670073516227,2.224460244178772,2.2481155581772327,2.261720821261406
stratum_iii,roberta,stratum_iii,matched,0.33333333333333337,0.997005483968979,0.9960629921259843,0.9980276134122288,0.9999123383738767,0.999916480544434,0.9969936046859124,0.9940129546665019,0.0,0.9939872093718247,4.23559732735157,4.285092744976282,4.331911671906704
stratum_iii,roberta,stratum_i,matched,0.33333333333333337,0.4895126321273532,0.038097740409879136,0.4252199413489736,0.6663028294065874,0.045604990592865303,0.6328391945381727,0.08630683985720969,0.9110994901294287,0.3097892159249537,4.23559732735157,4.285092744976282,4.331911671906704
stratum_iii,roberta,stratum_ii,matched,0.33333333333333337,0.835648352294441,1.0,0.7506561679790026,0.9847263068020112,0.9929872588169748,0.8753280839895012,0.7175743227106833,0.04578313253012048,0.9071878063434842,4.23559732735157,4.285092744976282,4.331911671906704
stratum_iii,roberta,stratum_iii,matched,0.33333333333333337,0.997005483968979,0.9960629921259843,0.9980276134122288,0.9999123383738767,0.999916480544434,0.9969936046859124,0.9940129546665019,0.0,0.9939872093718247,4.23559732735157,4.285092744976282,4.331911671906704
stratum_iii,deberta,stratum_iii,matched,0.37373737373737376,0.9975045370355843,0.9960668633235005,0.9990138067061144,0.9999760922837846,0.9999765530319752,0.9974867013328552,0.9950135465717995,0.0,0.9970175124021278,10.691159404814243,10.75509237125516,11.136557441204783
stratum_iii,deberta,stratum_i,matched,0.37373737373737376,0.45362231496907657,0.024271844660194174,0.39589442815249265,0.610525631740718,0.06592152730194825,0.5796964623439937,0.044904340471043434,0.9273979169390334,0.22018032883885058,10.691159404814243,10.75509237125516,11.136557441204783
stratum_iii,deberta,stratum_ii,matched,0.37373737373737376,0.8762649778673142,0.9968,0.8175853018372703,0.9876197704202637,0.9940322152155061,0.9063830123644183,0.7781396179663284,0.033734939759036145,0.9163962938367644,10.691159404814243,10.75509237125516,11.136557441204783
stratum_iii,deberta,stratum_iii,matched,0.37373737373737376,0.9975045370355843,0.9960668633235005,0.9990138067061144,0.9999760922837846,0.9999765530319752,0.9974867013328552,0.9950135465717995,0.0,0.9970175124021278,10.691159404814243,10.75509237125516,11.136557441204783
pooled,distilbert,pooled,matched,0.3535353535353536,0.9919186639232218,0.9844339622641509,0.9858290033065659,0.9998590911804017,0.9987111995478867,0.9922369114105825,0.9838376199458192,0.00012319822594554638,0.9912107929793189,2.2440021857619286,2.280530333518982,2.3295322805643046
pooled,distilbert,stratum_i,cross,0.3535353535353536,0.987478042467103,0.9655172413793104,0.9853372434017595,0.9999279226502688,0.9968769192040529,0.9924071496130251,0.9750079668587367,0.0,0.9920123216484958,2.2440021857619286,2.280530333518982,2.3295322805643046
pooled,distilbert,stratum_ii,cross,0.3535353535353536,0.9944351986686083,1.0,0.9921259842519685,0.9999588906808335,0.9999777789645586,0.9960629921259843,0.9889319600109191,0.0,0.9960629921259843,2.2440021857619286,2.280530333518982,2.3295322805643046
pooled,distilbert,stratum_iii,cross,0.3535353535353536,0.9995009322655011,1.0,0.9990138067061144,0.9999990038451577,0.9999990283809912,0.9995069033530573,0.9990023624196964,0.0,0.9990138067061144,2.2440021857619286,2.280530333518982,2.3295322805643046
pooled,roberta,pooled,matched,0.18181818181818182,0.9956282791719695,0.9938359412043622,0.9900803023145961,0.9999377316477271,0.9994051895277637,0.9947732216677494,0.9912586587661254,4.1066075315182127e-05,0.9942294695859544,4.273959435522556,4.341854993253946,4.450601320713757
pooled,roberta,stratum_i,cross,0.18181818181818182,0.9947992846942754,0.9883040935672515,0.9912023460410557,0.9999945047410665,0.9996571664699972,0.9955140156579096,0.989599662216317,0.0,0.9985183248354905,4.273959435522556,4.341854993253946,4.450601320713757
pooled,roberta,stratum_ii,cross,0.18181818181818182,0.9935112138101909,1.0,0.9908136482939632,0.9999430794042311,0.9999691135442228,0.9954068241469816,0.9871060484114228,0.0,0.9938683869335609,4.273959435522556,4.341854993253946,4.450601320713757
pooled,roberta,stratum_iii,cross,0.18181818181818182,1.0,1.0,1.0,1.0,1.0,1.0,1.0,0.0,1.0,4.273959435522556,4.341854993253946,4.450601320713757
pooled,deberta,pooled,matched,0.38383838383838387,0.9945926268080905,0.9933428435568236,0.9867737364194615,0.9995341124559072,0.998387627347591,0.9930994056825244,0.989191691414013,0.0001642643012607285,0.9916010273851363,10.63571497797966,10.931573342531918,12.694445718079802
pooled,deberta,stratum_i,cross,0.38383838383838387,0.9940131452183764,0.9940652818991098,0.9824046920821115,0.9981077778744774,0.9964774228832243,0.9911587673597466,0.9880440036826929,4.3578681309103584e-05,0.9955857735158424,10.63571497797966,10.931573342531918,12.694445718079802
pooled,deberta,stratum_ii,cross,0.38383838383838387,0.9962861289915437,1.0,0.994750656167979,0.9999525661701926,0.9999743056083578,0.9973753280839894,0.9925997329518645,0.0,0.994750656167979,10.63571497797966,10.931573342531918,12.694445718079802
pooled,deberta,stratum_iii,cross,0.38383838383838387,0.998502761001357,0.9980295566502463,0.9990138067061144,0.9999980076903153,0.9999980586746183,0.9984968023429561,0.9970060194178824,0.0,0.9990138067061144,10.63571497797966,10.931573342531918,12.694445718079802
